{"cameraMode":{"drawMode":0,"name":"Shaded","section":"Shading Mode"},"sceneLighting":true,"audioPlay":false,"sceneViewState":{"showFog":true,"showMaterialUpdate":false,"showSkybox":true,"showFlares":true,"showImageEffects":true,"showParticleSystems":true},"in2DMode":false,"pivot":{"x":4.180049896240234,"y":-5.852634429931641,"z":-4.8744659423828129},"rotation":{"x":0.695061206817627,"y":0.020479537546634675,"z":-0.01981457509100437,"w":0.7183854579925537},"size":28.30372428894043,"orthographic":false}