{"cameraMode":{"drawMode":0,"name":"Shaded","section":"Shading Mode"},"sceneLighting":false,"audioPlay":false,"sceneViewState":{"showFog":true,"showMaterialUpdate":false,"showSkybox":false,"showFlares":true,"showImageEffects":true,"showParticleSystems":true},"in2DMode":false,"pivot":{"x":0.800000011920929,"y":0.3700000047683716,"z":-0.25},"rotation":{"x":0.7207478284835815,"y":-0.004159179981797934,"z":0.004324487876147032,"w":0.6931725144386292},"size":0.08660256117582321,"orthographic":true}